{"medidas:":[
{"id":"0", "temperatura":"19", "humedad":"73", "fecha":"23/11/2015 21:14:54"},
{"id":"1", "temperatura":"8", "humedad":"86", "fecha":"23/11/2015 21:14:56"},
{"id":"2", "temperatura":"21", "humedad":"82", "fecha":"23/11/2015 21:14:58"},
{"id":"3", "temperatura":"7", "humedad":"66", "fecha":"23/11/2015 21:15:00"},
{"id":"4", "temperatura":"41", "humedad":"55", "fecha":"23/11/2015 21:15:02"},
{"id":"5", "temperatura":"13", "humedad":"52", "fecha":"23/11/2015 21:15:04"},
{"id":"6", "temperatura":"37", "humedad":"65", "fecha":"23/11/2015 21:15:06"},
{"id":"7", "temperatura":"13", "humedad":"75", "fecha":"23/11/2015 21:15:08"},
{"id":"8", "temperatura":"25", "humedad":"53", "fecha":"23/11/2015 21:15:10"},
{"id":"9", "temperatura":"5", "humedad":"57", "fecha":"23/11/2015 21:15:12"}
]}
